﻿<?xml version="1.0" encoding="utf-8"?>
<manifest identifier="_5sB90LRWNx1_course_id" version="1.0" xmlns="http://www.imsproject.org/xsd/imscp_rootv1p1p2" xmlns:adlcp="http://www.adlnet.org/xsd/adlcp_rootv1p2" xmlns:xsi="http://www.w3.org/2001/XMLSchema-instance" xsi:schemaLocation="http://www.imsproject.org/xsd/imscp_rootv1p1p2 imscp_rootv1p1p2.xsd http://www.imsglobal.org/xsd/imsmd_rootv1p2p1 imsmd_rootv1p2p1.xsd http://www.adlnet.org/xsd/adlcp_rootv1p2 adlcp_rootv1p2.xsd">
  <metadata>
    <schema>ADL SCORM</schema>
    <schemaversion>1.2</schemaversion>
    <lom xmlns="http://www.imsglobal.org/xsd/imsmd_rootv1p2p1" xmlns:xsi="http://www.w3.org/2001/XMLSchema-instance" xsi:schemaLocation="http://www.imsglobal.org/xsd/imsmd_rootv1p2p1 imsmd_rootv1p2p1.xsd">
      <general>
        <title>
          <langstring xml:lang="x-none">mod2-20230419</langstring>
        </title>
      </general>
      <lifecycle>
        <version>
          <langstring xml:lang="x-none">1</langstring>
        </version>
        <status>
          <source>
            <langstring xml:lang="x-none">LOMv1.0</langstring>
          </source>
          <value>
            <langstring xml:lang="x-none">Final</langstring>
          </value>
        </status>
      </lifecycle>
      <metametadata>
        <metadatascheme>ADL SCORM 1.2</metadatascheme>
      </metametadata>
      <educational>
        <typicallearningtime>
          <datetime>PT0H0M0S</datetime>
        </typicallearningtime>
      </educational>
      <rights>
        <cost>
          <source>
            <langstring xml:lang="x-none">LOMv1.0</langstring>
          </source>
          <value>
            <langstring xml:lang="x-none">yes</langstring>
          </value>
        </cost>
        <copyrightandotherrestrictions>
          <source>
            <langstring xml:lang="x-none">LOMv1.0</langstring>
          </source>
          <value>
            <langstring xml:lang="x-none">yes</langstring>
          </value>
        </copyrightandotherrestrictions>
      </rights>
    </lom>
  </metadata>
  <organizations default="mod2-20230419_ORG">
    <organization identifier="mod2-20230419_ORG">
      <title>mod2-20230419</title>
      <item identifier="Glissement-Module2_SCO" isvisible="true" identifierref="__5sB90LRWNx1_course_id_RES">
        <title>Glissement-Module2</title>
        <adlcp:masteryscore>0</adlcp:masteryscore>
      </item>
    </organization>
  </organizations>
  <resources>
    <resource identifier="__5sB90LRWNx1_course_id_RES" type="webcontent" href="index_lms.html" adlcp:scormtype="sco">
      <file href="story_content/thumbnail.jpg" />
      <file href="mobile/6VgGsWA46kF.jpg" />
      <file href="story_content/video_5sK9CKuy9aO_20_96_1280x720.mp4" />
      <file href="mobile/poster_5c7NLKQtYod_video_5sK9CKuy9aO_20_96_1280x720.jpg" />
      <file href="mobile/6QMFbhHrtRn.jpg" />
      <file href="mobile/62wIKYG4ljv.png" />
      <file href="story_content/5pFiJkR5tb6_44100_96_0.mp3" />
      <file href="mobile/68aE7DBqTWT.jpg" />
      <file href="story_content/5rSJZrZ2J03_44100_96_0.mp3" />
      <file href="story_content/video_5rQQ0ztfy5l_20_96_1280x720.mp4" />
      <file href="mobile/poster_5rSDLXATPbG_video_5rQQ0ztfy5l_20_96_1280x720.jpg" />
      <file href="mobile/5UiVjke99Hm.png" />
      <file href="mobile/6OQEr8QCSnT.png" />
      <file href="mobile/5bspUtuMgpg.png" />
      <file href="mobile/6dJn8iOxLsk.png" />
      <file href="story_content/6Rkk119W4hq_44100_96_0.mp3" />
      <file href="mobile/5eZZKBmbsPV.png" />
      <file href="mobile/6B063tNqExI.png" />
      <file href="story_content/5ycKJvHRLNb_44100_96_0.mp3" />
      <file href="mobile/6KHgyHHPIp7.jpg" />
      <file href="mobile/69sTMtuMbUK.png" />
      <file href="story_content/video_5u41Bc9O0Oc_20_96_614x222.mp4" />
      <file href="mobile/poster_6UIp8Xcc48O_video_5u41Bc9O0Oc_20_96_614x222.jpg" />
      <file href="story_content/video_6FXZZBqmVzV_20_96_510x240.mp4" />
      <file href="mobile/poster_6REpaXEFYCG_video_6FXZZBqmVzV_20_96_510x240.jpg" />
      <file href="story_content/video_6ilLSdG3Mj5_20_96_240x284.mp4" />
      <file href="mobile/poster_6c2kSvjJuxC_video_6ilLSdG3Mj5_20_96_240x284.jpg" />
      <file href="mobile/poster_5UnSvAzrEjo_video_6FXZZBqmVzV_20_96_510x240.jpg" />
      <file href="mobile/poster_6NX9IHQiflg_video_6ilLSdG3Mj5_20_96_240x284.jpg" />
      <file href="mobile/poster_5qhgyTzoPeB_video_5u41Bc9O0Oc_20_96_614x222.jpg" />
      <file href="mobile/6aTmZZEGYkc.png" />
      <file href="mobile/6MXkJj90ooK.png" />
      <file href="story_content/video_5zFKMbq33EE_20_96_646x270.mp4" />
      <file href="mobile/poster_66N8AduZruq_video_5zFKMbq33EE_20_96_646x270.jpg" />
      <file href="mobile/63wtqD6kK9d.png" />
      <file href="mobile/poster_6pj08SaQrDW_video_5zFKMbq33EE_20_96_646x270.jpg" />
      <file href="mobile/6SM5bX6E4Ci.png" />
      <file href="mobile/6A9eIgdOy1u.png" />
      <file href="mobile/60Afy5a93ah.png" />
      <file href="story_content/video_5Uwd2VkUbZg_20_96_180x100.mp4" />
      <file href="mobile/poster_5tcBzJmZyak_video_5Uwd2VkUbZg_20_96_180x100.jpg" />
      <file href="mobile/5UvvuAGOwkn.png" />
      <file href="mobile/5VOFj8IiMyG.png" />
      <file href="mobile/6mq4wJbPBC4.png" />
      <file href="story_content/video_5azckhOGBur_20_96_342x294.mp4" />
      <file href="mobile/poster_6iWdykbChbf_video_5azckhOGBur_20_96_342x294.jpg" />
      <file href="mobile/6jNBXV3AbWN_P_0_228_2048_1121.jpg" />
      <file href="story_content/646svw7hnPn_44100_96_0.mp3" />
      <file href="mobile/6KE074dZTbr.jpg" />
      <file href="story_content/5yz1fWK0qUM_44100_96_0.mp3" />
      <file href="mobile/5kZG9Yn3X9P.jpg" />
      <file href="mobile/6QaCOYpjrvY.jpg" />
      <file href="mobile/5o7uKdrwSyK.png" />
      <file href="story_content/6TLeMjaa2hA_44100_96_0.mp3" />
      <file href="mobile/6eZz1CUCk3J.jpg" />
      <file href="mobile/6YSqxJlCxa2_P_0_3_1675_577.jpg" />
      <file href="story_content/6AjSqI8eXZG_44100_96_0.mp3" />
      <file href="mobile/6RYr4R8uR7f.jpg" />
      <file href="mobile/64qvcTVMRig.jpg" />
      <file href="story_content/6LohzhLPmAS_44100_96_0.mp3" />
      <file href="mobile/5d4z2u3aCIa.jpg" />
      <file href="story_content/5rmav7nK5iP_44100_96_0.mp3" />
      <file href="mobile/6MpBDbvQqXm.jpg" />
      <file href="mobile/6iWlg2Sjb9i.jpg" />
      <file href="mobile/5fzaepiKnjj.png" />
      <file href="mobile/5n3J9iM2eyC.png" />
      <file href="mobile/6VXFBnoA0Rg.png" />
      <file href="mobile/6oUz5zdkz3P.png" />
      <file href="mobile/5ZFPzkvkuZf.png" />
      <file href="mobile/5nzYlrJyiTR.jpg" />
      <file href="mobile/6jLWzDnEmWa.jpg" />
      <file href="mobile/5X6UBGv8g9h.jpg" />
      <file href="mobile/5bYPzI6XzD5.jpg" />
      <file href="mobile/6D6S5WdXBbT.png" />
      <file href="mobile/6cmVeAiVBf9.png" />
      <file href="mobile/6fqIoj5BIYD.png" />
      <file href="mobile/6DjBW3hCZKc.png" />
      <file href="meta.xml" />
      <file href="story_content/user.js" />
      <file href="mobile/Slide6ZMqEp5iik5.jpg" />
      <file href="mobile/txt__default_65FJD5hus38.png" />
      <file href="mobile/txt__default_5qVlk1m8j4x.png" />
      <file href="mobile/txt__default_5ib2ChTzGb2.png" />
      <file href="mobile/txt__default_6iHsvyXIkPy.png" />
      <file href="mobile/txt__default_5jfIYUDPAEz.png" />
      <file href="mobile/txt__default_6JjwVagUApY.png" />
      <file href="mobile/txt__default_6m9Y8OWlsBv.png" />
      <file href="mobile/txt__default_685eDdaxgb8.png" />
      <file href="html5/data/css/output.min.css" />
      <file href="html5/data/js/5a7bEOKMP4b.js" />
      <file href="html5/data/js/5d5pc96g1wy.js" />
      <file href="html5/data/js/5hbOTqhnsvq.js" />
      <file href="html5/data/js/5lalxsC5yTT.js" />
      <file href="html5/data/js/5qDD6SrE2wB.js" />
      <file href="html5/data/js/5xvoz6iGTYr.js" />
      <file href="html5/data/js/6aRuIksgMw3.js" />
      <file href="html5/data/js/6bpvhO4VgBG.js" />
      <file href="html5/data/js/6edbzGp0Ez5.js" />
      <file href="html5/data/js/6fvBglKkNGW.js" />
      <file href="html5/data/js/6GEYEmLVZde.js" />
      <file href="html5/data/js/6i4oe7IBihe.js" />
      <file href="html5/data/js/6Jvl6SFe9uF.js" />
      <file href="html5/data/js/6kr0lY2w85v.js" />
      <file href="html5/data/js/6lBwhNrFiB2.js" />
      <file href="html5/data/js/6nRttFmcxbO.js" />
      <file href="html5/data/js/6P7Yw4S50N7.js" />
      <file href="html5/data/js/6prPdNNmt6T.js" />
      <file href="html5/data/js/6q2yn9132Fh.js" />
      <file href="html5/data/js/6QMBcp9paXO.js" />
      <file href="html5/data/js/6ropT2x8Nuf.js" />
      <file href="html5/data/js/6SiMwlIJVpO.js" />
      <file href="html5/data/js/data.js" />
      <file href="html5/data/js/frame.js" />
      <file href="html5/data/js/paths.js" />
      <file href="html5/lib/hls/hls.min.js" />
      <file href="html5/lib/scripts/bootstrapper.min.js" />
      <file href="html5/lib/scripts/frame.desktop.min.js" />
      <file href="html5/lib/scripts/frame.mobile.min.js" />
      <file href="html5/lib/scripts/slides.min.js" />
      <file href="html5/lib/stylesheets/desktop.min.css" />
      <file href="html5/lib/stylesheets/mobile.min.css" />
      <file href="html5/lib/stylesheets/mobile-fonts/open-sans-bold.woff" />
      <file href="html5/lib/stylesheets/mobile-fonts/open-sans-light.woff" />
      <file href="html5/lib/stylesheets/mobile-fonts/open-sans-regular.woff" />
      <file href="analytics-frame.html" />
      <file href="story.html" />
      <file href="index_lms.html" />
      <file href="lms/AICCComm.html" />
      <file href="lms/blank.html" />
      <file href="lms/browsersniff.js" />
      <file href="lms/goodbye.html" />
      <file href="lms/scormdriver.js" />
    </resource>
  </resources>
</manifest>